<keymap version="1" name="Mac OS X 10.5+ copy" parent="Mac OS X 10.5+">
  <action id="CommentByLineComment">
    <keyboard-shortcut first-keystroke="meta divide" />
    <keyboard-shortcut first-keystroke="shift meta 7" />
  </action>
  <action id="Console.TableResult.CompareCells">
    <keyboard-shortcut first-keystroke="meta d" />
  </action>
  <action id="Diff.ShowSettingsPopup">
    <keyboard-shortcut first-keystroke="meta d" />
  </action>
  <action id="EditorDuplicate">
    <keyboard-shortcut first-keystroke="shift meta d" />
  </action>
  <action id="TagDocumentationNavigation">
    <keyboard-shortcut first-keystroke="meta d" />
  </action>
  <action id="Uml.ShowDiff">
    <keyboard-shortcut first-keystroke="meta d" />
  </action>
</keymap>